Angle,Mean_ax,Std_ax,Mean_ay,Std_ay,Mean_az,Std_az,Mean_Norm,Std_Norm,Sensor,Orientation,Offsets
-80,-1.0017999999999998,0.0010327955589887103,0.0106,0.0014298407059684815,0.1963,0.0014944341180973266,1.0209079644280377,0.0010688349836404335,LSM9DS1,Pitch,"Offsets: ax: 0.009, ay: -0.028, az: -0.002"
-60,-0.8756,0.0006992058987801195,0.0097,0.0008232726023485643,0.5233000000000001,0.0010593499054713546,1.0201046264694276,0.001027973016140329,LSM9DS1,Pitch,"Offsets: ax: 0.009, ay: -0.028, az: -0.002"
-40,-0.6476,0.0006992058987801172,0.0058000000000000005,0.0012292725943057181,0.787,0.0012472191289246753,1.0192109090756394,0.000896177815418324,LSM9DS1,Pitch,"Offsets: ax: 0.009, ay: -0.028, az: -0.002"
-20,-0.3407,0.0022632326929023774,0.0029000000000000002,0.0014491376746189437,0.9559999999999998,0.0011547005383792516,1.0149024375038447,0.0013508634089628945,LSM9DS1,Pitch,"Offsets: ax: 0.009, ay: -0.028, az: -0.002"
0,0.0,0.0008164965809277262,-0.0001,0.00031622776601683794,1.0053999999999998,0.0005163977794944229,1.0054003481100844,0.0005164194256900057,LSM9DS1,Pitch,"Offsets: ax: 0.009, ay: -0.028, az: -0.002"
20,0.3385,0.0005270462766947304,-0.0021999999999999997,0.0013165611772087667,0.938,0.0018257418583505131,0.9972125963234315,0.0018066955349883907,LSM9DS1,Pitch,"Offsets: ax: 0.009, ay: -0.028, az: -0.002"
40,0.6289,0.0009944289260117299,-0.0001,0.0008755950357709132,0.7577,0.0014944341180973147,0.984695935740216,0.001495971145135865,LSM9DS1,Pitch,"Offsets: ax: 0.009, ay: -0.028, az: -0.002"
60,0.8455999999999999,0.0021186998109427586,0.008799999999999999,0.0016865480854231353,0.4819,0.004483302354291979,0.9733214761830867,0.004000555624847743,LSM9DS1,Pitch,"Offsets: ax: 0.009, ay: -0.028, az: -0.002"
80,0.9584999999999999,0.0009718253158075465,0.017499999999999998,0.0010801234497346435,0.15589999999999998,0.0009944289260117557,0.9712543826522666,0.0010667597691006916,LSM9DS1,Pitch,"Offsets: ax: 0.009, ay: -0.028, az: -0.002"
-80,0.0024000000000000002,0.0009660917830792958,1.0083,0.0009486832980505366,0.1552,0.004104198392432373,1.0201853266233794,0.0006661183985419426,LSM9DS1,Roll,"Offsets: ax: -0.044, ay: -0.025, az: 0.020"
-60,0.007000000000000001,0.0008164965809277261,0.8812,0.0010327955589886119,0.481,0.004163331998932269,1.0039616391151391,0.0013446128079645182,LSM9DS1,Roll,"Offsets: ax: -0.044, ay: -0.025, az: 0.020"
-40,0.0039,0.0008755950357709132,0.649,0.0006666666666666527,0.7445999999999999,0.0015055453054181218,0.9877488376093236,0.0009029589814167631,LSM9DS1,Roll,"Offsets: ax: -0.044, ay: -0.025, az: 0.020"
-20,0.0043,0.0004830458915396481,0.34609999999999996,0.0007378647873726238,0.9088,0.0014757295747452443,0.9724823632230212,0.0014349681251173833,LSM9DS1,Roll,"Offsets: ax: -0.044, ay: -0.025, az: 0.020"
0,-0.0004,0.0008432740427115678,0.0002,0.0006324555320336759,0.9593999999999999,0.0009660917830793042,0.9594006256520311,0.0009658033450123607,LSM9DS1,Roll,"Offsets: ax: -0.044, ay: -0.025, az: 0.020"
20,0.005,0.0006666666666666669,-0.3417,0.0009486832980505144,0.8869,0.0005676462121975448,0.950461253376312,0.0006715076982896354,LSM9DS1,Roll,"Offsets: ax: -0.044, ay: -0.025, az: 0.020"
40,0.0116,0.0006992058987801014,-0.6396,0.0008432740427115705,0.7038,0.0009189365834726921,0.9510825309482923,0.001064228980336986,LSM9DS1,Roll,"Offsets: ax: -0.044, ay: -0.025, az: 0.020"
60,0.0212,0.0006324555320336752,-0.8539,0.0008755950357709427,0.4386,0.0006992058987801016,0.9601902591908089,0.0009226502208120761,LSM9DS1,Roll,"Offsets: ax: -0.044, ay: -0.025, az: 0.020"
80,0.0325,0.0009718253158075518,-0.9692999999999999,0.000483045891539657,0.09970000000000001,0.0008232726023485652,0.9749565188363359,0.000564090746418289,LSM9DS1,Roll,"Offsets: ax: -0.044, ay: -0.025, az: 0.020"
-80,-0.9992000000000001,0.00042163702135581316,0.0249,0.0007378647873726221,0.20669999999999997,0.0009486832980505134,1.0206600328778774,0.00032877842943830734,BMI270,Pitch,"Offsets: ax: 0.025, ay: -0.029, az: -0.007"
-60,-0.8727,0.0009486832980505119,0.020800000000000003,0.0007888106377466149,0.532,0.0028284271247461944,1.0222864750050054,0.000979241112399573,BMI270,Pitch,"Offsets: ax: 0.025, ay: -0.029, az: -0.007"
-40,-0.6475000000000001,0.00135400640077268,0.015099999999999999,0.0008755950357709131,0.7905,0.007184087354084094,1.021960368935236,0.004749774936937432,BMI270,Pitch,"Offsets: ax: 0.025, ay: -0.029, az: -0.007"
-20,-0.34429999999999994,0.0006749485577105411,0.004200000000000001,0.000632455532033676,0.96,0.0009428090415821063,1.019882777241018,0.0009549212580475807,BMI270,Pitch,"Offsets: ax: 0.025, ay: -0.029, az: -0.007"
0,-0.0002,0.0006324555320336759,0.00030000000000000003,0.000674948557710553,1.0145,0.000707106781186504,1.0145004435440415,0.0007071452334559749,BMI270,Pitch,"Offsets: ax: 0.025, ay: -0.029, az: -0.007"
20,0.33890000000000003,0.0005676462121975464,-0.0068000000000000005,0.0009189365834726812,0.9459,0.0017919573407620473,1.004802084107948,0.001817132149642191,BMI270,Pitch,"Offsets: ax: 0.025, ay: -0.029, az: -0.007"
40,0.6317999999999999,0.0006324555320336623,-0.0093,0.0004830458915396487,0.7674000000000001,0.001349897115421078,0.9940629284269967,0.0013309675443014613,BMI270,Pitch,"Offsets: ax: 0.025, ay: -0.029, az: -0.007"
60,0.8467,0.004001388647846036,-0.0077,0.0008232726023485643,0.4993,0.0030568684048294333,0.9829883766811538,0.004466083264161017,BMI270,Pitch,"Offsets: ax: 0.025, ay: -0.029, az: -0.007"
80,0.9581999999999999,0.0006324555320336658,0.0036000000000000003,0.0008432740427115678,0.168,0.0009428090415820675,0.9728235156803395,0.0006727549862557181,BMI270,Pitch,"Offsets: ax: 0.025, ay: -0.029, az: -0.007"
-80,0.0032,0.0007888106377466155,1.0318,0.0013165611772087754,0.22400000000000003,0.005142416206847177,1.055851803446333,0.0006404504716943602,BMI270,Roll,"Offsets: ax: -0.009, ay: -0.081, az: 0.006"
-60,0.0049,0.0003162277660168376,0.8916999999999999,0.001418136492412169,0.5452,0.004391911757866832,1.0451857685923087,0.0014564538765682825,BMI270,Roll,"Offsets: ax: -0.009, ay: -0.081, az: 0.006"
-40,0.0079,0.0005676462121975467,0.6491,0.001911950719960003,0.8006,0.006257440016137251,1.0307180941774028,0.0037431916421472576,BMI270,Roll,"Offsets: ax: -0.009, ay: -0.081, az: 0.006"
-20,0.0013000000000000002,0.0008232726023485646,0.3391,0.0008755950357709065,0.9521,0.0005676462121975435,1.0106859279373541,0.000711078530967621,BMI270,Roll,"Offsets: ax: -0.009, ay: -0.081, az: 0.006"
0,0.0004,0.0006992058987801011,0.0,0.0008164965809277261,0.9878,0.0007888106377466373,0.9878006074413485,0.0007887673244520855,BMI270,Roll,"Offsets: ax: -0.009, ay: -0.081, az: 0.006"
20,-0.003,0.0006666666666666668,-0.33640000000000003,0.0006992058987801016,0.9040000000000001,0.0006666666666666656,0.9645676383538959,0.0007234488294546205,BMI270,Roll,"Offsets: ax: -0.009, ay: -0.081, az: 0.006"
40,-0.004399999999999999,0.0005163977794943222,-0.6141,0.0009944289260117767,0.717,0.0018856180831641105,0.9440489317724937,0.001860232725353479,BMI270,Roll,"Offsets: ax: -0.009, ay: -0.081, az: 0.006"
60,-0.0038,0.0007888106377466155,-0.821,0.0008164965809277157,0.4346,0.000699205898780106,0.9289421236345383,0.0009011951040781334,BMI270,Roll,"Offsets: ax: -0.009, ay: -0.081, az: 0.006"
80,0.0078,0.0007888106377466152,-0.9176,0.000966091783079288,0.1025,0.0008498365855987944,0.9233407100976002,0.000962102130887743,BMI270,Roll,"Offsets: ax: -0.009, ay: -0.081, az: 0.006"
-80,0.1162,0.002898275349237884,1.0005,0.003597838857487125,0.28979999999999995,0.012035133752661152,1.0481526960688663,0.0036856664656651785,MPU6050,Pitch,"Offsets: ax: -0.030, ay: -0.044, az: -0.034"
-60,0.086,0.0021602468994692853,0.8612,0.0014757295747452458,0.6182000000000001,0.009089676684141325,1.063622511773481,0.004755400283544917,MPU6050,Pitch,"Offsets: ax: -0.030, ay: -0.044, az: -0.034"
-40,0.0528,0.003293090409394257,0.6399,0.0029230881691191947,0.8579000000000001,0.0070624201077094054,1.0715835946773526,0.005077140310905091,MPU6050,Pitch,"Offsets: ax: -0.030, ay: -0.044, az: -0.034"
-20,0.0273,0.002668749186833079,0.3321,0.003071373199943855,1.0218,0.008941787044856039,1.0747722945687244,0.008320979341353946,MPU6050,Pitch,"Offsets: ax: -0.030, ay: -0.044, az: -0.034"
0,-0.0013000000000000002,0.0030203016773531453,0.0046,0.005834761729877617,1.0699999999999998,0.004898979485566366,1.0700288543376635,0.004893406542041813,MPU6050,Pitch,"Offsets: ax: -0.030, ay: -0.044, az: -0.034"
20,-0.001,0.003559026084010437,-0.33290000000000003,0.003142893217686175,1.0043,0.009787179823058802,1.0580487479672418,0.009501282074437263,MPU6050,Pitch,"Offsets: ax: -0.030, ay: -0.044, az: -0.034"
40,-0.0206,0.0037475918193480536,-0.6296999999999999,0.0027507574714370677,0.8209,0.004357624225296259,1.034819843127179,0.002923519614138673,MPU6050,Pitch,"Offsets: ax: -0.030, ay: -0.044, az: -0.034"
60,-0.0019000000000000002,0.004605552204797065,-0.8522000000000001,0.0018135294011647127,0.5451,0.005606543795720634,1.0116435452888126,0.0033561345957195494,MPU6050,Pitch,"Offsets: ax: -0.030, ay: -0.044, az: -0.034"
80,0.036199999999999996,0.002043961295567451,-0.9669000000000001,0.005195083145522193,0.2246,0.004325634186002227,0.9933124052940234,0.0054329743236900055,MPU6050,Pitch,"Offsets: ax: -0.030, ay: -0.044, az: -0.034"
-80,0.9296000000000001,0.003502380143083653,0.0737,0.0030930028559098804,0.2613,0.00492273636642605,0.9684515299780763,0.0030973255709465125,MPU6050,Roll,"Offsets: ax: 0.094, ay: -0.111, az: -0.032"
-60,0.5967,0.0035292429153510525,0.0433,0.0031640339933558096,0.8346,0.004141926551202414,1.0268923020659741,0.0034640948222874057,MPU6050,Roll,"Offsets: ax: 0.094, ay: -0.111, az: -0.032"
-40,0.4992,0.002859681411936954,-0.0193,0.0026267851073127394,0.9051,0.004557045826702509,1.0338261499061825,0.004067728025382554,MPU6050,Roll,"Offsets: ax: 0.094, ay: -0.111, az: -0.032"
-20,0.27470000000000006,0.004762119042797821,-0.047599999999999996,0.004299870799092561,1.0101,0.005043147165543938,1.047886654354674,0.004871644186069417,MPU6050,Roll,"Offsets: ax: 0.094, ay: -0.111, az: -0.032"
0,0.05,0.002748737083745107,-0.0262,0.0019888578520235066,1.0572,0.00812130257751523,1.0587111263766156,0.008079527376025922,MPU6050,Roll,"Offsets: ax: 0.094, ay: -0.111, az: -0.032"
20,-0.27040000000000003,0.002836272984824357,-0.0134,0.00211869981094276,1.0381,0.008451824260674992,1.0728283026965024,0.008322188103135104,MPU6050,Roll,"Offsets: ax: 0.094, ay: -0.111, az: -0.032"
40,-0.5765,0.004143267631552025,0.008400000000000001,0.002270584848790187,0.9045,0.01112804265508243,1.0726650540433773,0.00845128748366486,MPU6050,Roll,"Offsets: ax: 0.094, ay: -0.111, az: -0.032"
60,-0.8237,0.0043474130238568345,0.036,0.004570436400267362,0.6829000000000001,0.006332456079595051,1.070605835662382,0.002390872842113775,MPU6050,Roll,"Offsets: ax: 0.094, ay: -0.111, az: -0.032"
80,-0.9813000000000001,0.003497618237219924,0.0665,0.006450667493454542,0.38780000000000003,0.01310470653365933,1.0573305039449572,0.004217085289188,MPU6050,Roll,"Offsets: ax: 0.094, ay: -0.111, az: -0.032"
