time,aX,aY,aZ,proximity
4742,0.000,0.000,0.000,-1
4942,-0.034,-0.053,1.002,243
5142,-0.037,-0.059,0.999,-1
5342,-0.036,-0.072,0.997,245
5542,-0.036,-0.021,0.994,-1
5742,-0.047,0.051,1.030,245
5942,-0.036,0.130,0.971,-1
6142,-0.045,0.150,0.975,243
6342,-0.045,-0.005,0.999,-1
6542,-0.009,-0.238,0.965,243
6742,0.002,-0.257,0.893,-1
6942,-0.049,-0.342,0.930,245
7142,-0.052,-0.012,1.130,-1
7342,-0.039,-0.131,1.050,244
7542,-0.031,-0.066,1.000,-1
7742,-0.031,-0.083,1.007,229
7942,-0.021,-0.184,0.982,-1
8142,-0.023,-0.159,0.992,191
8342,-0.029,-0.158,0.994,-1
8542,-0.029,-0.122,0.996,148
8742,-0.030,-0.127,0.995,-1
8942,-0.034,-0.094,0.996,133
9142,-0.040,-0.089,1.000,-1
9342,-0.035,-0.065,0.999,155
9542,-0.034,-0.094,0.990,-1
9742,-0.037,-0.077,1.000,197
9942,-0.036,-0.061,1.003,-1
10142,-0.042,-0.069,1.004,132
10342,-0.037,-0.065,0.997,-1
10542,-0.040,-0.044,1.003,33
10742,-0.042,-0.050,0.999,-1
10942,-0.035,-0.066,0.994,2
11142,-0.037,-0.045,0.998,-1
11342,-0.035,-0.053,1.002,0
11542,-0.039,-0.056,1.002,-1
11742,-0.036,-0.052,1.003,79
11942,-0.029,-0.077,0.997,-1
12142,-0.033,-0.075,0.999,184
12342,-0.028,-0.081,0.995,-1
12542,-0.035,-0.065,1.001,225
12742,-0.035,-0.064,1.001,-1
12942,-0.041,-0.051,1.002,241
13142,-0.036,-0.069,0.993,-1
13342,-0.029,-0.104,0.995,244
13542,-0.021,-0.194,0.980,-1
13742,-0.025,-0.178,0.990,247
13942,-0.017,-0.296,0.962,-1
14142,-0.013,-0.341,0.944,246
14342,-0.021,-0.247,0.969,-1
14542,-0.030,-0.149,0.994,245
14742,-0.042,-0.049,1.006,-1
14942,-0.050,-0.013,1.000,243
15142,-0.053,0.008,1.008,-1
15342,-0.073,0.121,1.017,247
15542,-0.078,0.306,0.963,-1
15742,-0.077,0.381,0.916,244
15942,-0.052,0.023,1.039,-1
16142,-0.045,-0.127,0.995,245
16342,-0.041,-0.288,0.965,-1
16542,-0.040,-0.348,0.937,245
16742,-0.047,-0.400,0.916,-1
16942,-0.050,-0.234,0.982,244
17142,-0.087,0.005,1.008,-1
17342,-0.045,0.017,1.038,244
17542,0.031,0.021,0.958,-1
17742,0.023,-0.097,1.007,244
17942,-0.007,-0.267,0.959,-1
18142,-0.056,-0.087,1.014,244
18342,-0.112,-0.066,0.941,-1
18542,-0.107,-0.083,1.054,245
18742,-0.037,-0.081,1.102,-1
18942,0.203,0.198,1.033,241
19142,0.221,0.138,0.953,-1
19342,0.242,0.041,0.992,240
19542,0.179,-0.024,0.902,-1
19742,0.064,-0.093,0.917,231
19942,-0.037,-0.263,1.053,-1
20142,-0.054,-0.103,0.961,213
20342,-0.045,-0.115,0.976,-1
20542,-0.046,-0.094,1.001,155
20742,-0.028,-0.039,1.010,-1
20942,-0.022,-0.101,1.006,69
21142,-0.026,-0.075,1.001,-1
21342,-0.021,-0.036,0.997,61
21542,-0.027,-0.089,1.000,-1
21742,-0.037,-0.060,0.998,175
21942,-0.016,-0.090,0.993,-1
22142,-0.013,-0.101,1.012,212
22342,-0.019,-0.126,0.969,-1
22542,-0.012,-0.135,0.966,235
22742,-0.036,-0.179,0.940,-1
22942,-0.030,-0.134,0.996,240
23142,-0.050,-0.135,0.974,-1
23342,-0.044,-0.126,0.982,235
23542,-0.046,-0.079,1.008,-1
23742,-0.061,-0.065,0.968,224
23942,-0.043,-0.014,0.981,-1
24142,-0.041,0.085,0.971,179
24342,-0.042,0.199,0.912,-1
24542,-0.044,-0.246,0.964,178
24742,-0.045,-0.215,0.995,-1
24942,-0.007,-0.198,0.941,245
25142,-0.048,-0.199,1.047,-1
25342,-0.056,-0.348,1.020,244
25542,0.026,-0.159,1.144,-1
25742,-0.006,0.079,1.005,245
25942,-0.042,0.081,1.039,-1
26142,-0.039,0.055,1.027,247
26342,-0.075,0.038,1.024,-1
26542,-0.040,-0.129,0.952,247
26742,-0.058,-0.268,0.984,-1
26942,-0.046,-0.271,1.019,246
27142,-0.040,-0.134,0.988,-1
27342,-0.045,0.089,1.023,245
27542,-0.049,0.068,1.046,-1
27742,-0.050,0.209,0.968,246
27942,-0.052,0.263,0.973,-1
28142,-0.042,0.108,0.963,245
28342,-0.060,-0.146,0.980,-1
28542,-0.054,-0.250,0.989,242
28742,-0.002,-0.375,0.912,-1
28942,0.026,0.016,0.750,242
29142,0.093,0.307,1.061,-1
29342,-0.091,-0.320,1.083,245
29542,-0.019,-0.027,1.035,-1
29742,-0.077,-0.124,0.925,245
29942,-0.086,-0.287,1.006,-1
30142,-0.106,-0.189,0.971,244
30342,-0.120,-0.089,1.001,-1
30542,-0.061,-0.215,1.049,226
30742,-0.059,-0.149,0.958,-1
30942,0.011,-0.057,0.986,197
31142,-0.005,0.068,0.914,-1
31342,-0.012,-0.077,0.990,179
31542,-0.016,-0.180,0.990,-1
31742,-0.041,-0.113,1.019,173
31942,-0.024,-0.101,0.993,-1
32142,-0.020,-0.084,1.018,130
32342,-0.043,-0.171,1.031,-1
32542,-0.048,-0.126,1.017,196
32742,-0.057,-0.131,0.993,-1
32942,-0.054,-0.109,1.015,113
33142,-0.053,-0.144,1.011,-1
33342,-0.072,-0.171,1.003,174
33542,-0.073,-0.172,1.003,-1
33742,-0.077,-0.137,0.976,221
33942,-0.068,-0.188,1.018,-1
34142,-0.073,-0.228,1.055,238
34342,-0.047,-0.164,0.999,-1
34542,-0.105,-0.190,0.980,241
34742,-0.108,-0.101,0.937,-1
34942,-0.113,-0.040,0.974,239
35142,-0.120,-0.038,0.985,-1
35342,-0.091,-0.073,0.997,224
35542,-0.077,-0.085,0.995,-1
35742,-0.073,-0.056,0.996,207
35942,-0.055,0.066,0.998,-1
36142,-0.033,0.002,1.000,237
36342,-0.068,-0.031,0.997,-1
36542,-0.123,-0.049,0.984,240
36742,-0.180,-0.119,0.978,-1
36942,-0.057,-0.052,1.016,243
37142,-0.052,-0.166,0.994,-1
37342,-0.091,-0.194,0.955,239
37542,-0.096,-0.145,0.992,-1
37742,-0.026,-0.034,1.008,243
37942,-0.059,-0.288,0.974,-1
38142,0.002,-0.044,0.968,246
38342,0.033,0.036,0.895,-1
38542,-0.046,-0.202,1.048,246
38742,-0.093,-0.146,1.029,-1
38942,-0.112,-0.243,0.920,242
39142,-0.088,-0.280,0.976,-1
39342,-0.102,-0.244,0.998,245
39542,-0.102,0.099,0.956,-1
39742,-0.099,0.004,1.142,243
39942,-0.083,-0.266,1.001,-1
40142,-0.094,-0.518,0.865,245
40342,-0.101,-0.541,0.866,-1
40542,-0.106,-0.455,0.896,243
40742,-0.117,-0.248,0.860,-1
40942,-0.106,-0.151,1.065,247
41142,-0.091,-0.111,0.978,-1
41342,-0.097,-0.027,1.010,245
41542,-0.099,-0.270,0.990,-1
41742,-0.131,-0.497,0.912,244
41942,-0.092,-0.398,0.837,-1
42142,-0.112,-0.303,1.012,245
42342,-0.106,-0.008,0.953,-1
42542,-0.118,0.053,0.983,244
42742,-0.117,-0.091,1.025,-1
42942,-0.129,-0.297,0.982,243
43142,-0.112,-0.385,0.963,-1
43342,-0.107,-0.322,0.902,248
43542,-0.105,-0.328,0.901,-1
43742,-0.130,-0.385,0.933,246
43942,-0.124,-0.398,0.939,-1
44142,-0.103,-0.353,0.918,244
44342,-0.122,0.030,0.936,-1
44542,-0.132,-0.240,1.008,245
44742,-0.128,-0.347,0.946,-1
44942,-0.139,-0.472,0.896,244
45142,-0.152,-0.509,0.899,-1
45342,-0.105,-0.258,0.993,245
45542,-0.139,-0.001,0.962,-1
45742,-0.008,0.027,1.007,234
45942,-0.031,-0.002,1.005,-1
46142,-0.047,-0.012,0.953,213
46342,-0.075,-0.057,1.010,-1
46542,-0.079,-0.075,0.995,189
46742,-0.066,-0.099,0.997,-1
46942,-0.075,-0.156,0.981,178
47142,-0.065,-0.133,1.026,-1
47342,-0.075,-0.127,1.016,167
47542,-0.073,-0.088,0.997,-1
47742,-0.064,-0.116,0.992,225
47942,-0.066,-0.112,0.982,-1
48142,-0.035,0.070,1.024,241
48342,0.002,0.169,0.960,-1
48542,-0.001,-0.366,0.912,217
48742,0.002,-0.169,0.960,-1
48942,0.013,-0.115,1.001,161
49142,0.004,0.039,0.994,-1
49342,-0.005,0.170,0.975,144
49542,-0.026,-0.021,0.989,-1
49742,-0.022,-0.122,0.984,216
49942,-0.029,-0.163,0.985,-1
50142,-0.030,-0.218,0.977,235
50342,-0.034,-0.122,0.995,-1
50542,-0.062,-0.110,0.999,239
50742,-0.059,0.056,0.977,-1
50942,-0.060,-0.003,1.006,231
51142,-0.033,-0.150,0.987,-1
51342,-0.032,-0.133,1.002,212
51542,-0.025,-0.114,0.992,-1
51742,-0.035,-0.082,1.002,210
51942,-0.046,-0.057,1.002,-1
52142,-0.041,-0.024,1.006,204
52342,-0.038,-0.040,0.999,-1
52542,-0.042,-0.034,1.004,197
52742,-0.035,-0.022,1.003,-1
52942,-0.041,-0.021,1.004,192
53142,-0.038,-0.021,1.007,-1
53342,-0.036,-0.054,0.996,180
53542,-0.033,-0.051,0.998,-1
53742,-0.039,-0.039,1.004,178
53942,-0.035,0.011,1.002,-1
54142,-0.042,-0.011,1.005,169
54342,-0.038,-0.025,0.998,-1
54542,-0.044,-0.006,1.002,167
54742,-0.042,-0.001,1.004,-1
54942,-0.044,0.000,1.003,170
55142,-0.038,-0.006,0.999,-1
55342,-0.043,0.040,0.994,184
55542,-0.025,-0.026,0.998,-1
55742,-0.047,0.002,1.013,181
55942,-0.021,-0.066,0.991,-1
56142,-0.008,-0.097,1.006,0
56342,-0.001,-0.133,0.998,-1
56542,0.002,-0.141,0.989,0
56742,-0.005,-0.142,0.994,-1
56942,-0.004,-0.129,0.994,17
57142,0.003,-0.138,0.990,-1
57342,-0.008,-0.132,0.994,0
57542,-0.001,-0.135,0.994,-1
57742,-0.006,-0.142,0.995,150
57942,-0.002,-0.139,0.994,-1
58142,-0.005,-0.130,0.998,46
58342,-0.001,-0.141,0.991,-1
58542,-0.000,-0.141,0.994,121
58742,-0.001,-0.145,0.993,-1
58942,0.002,-0.149,0.990,196
59142,0.000,-0.148,0.990,-1
59342,-0.003,-0.111,0.999,187
59542,-0.006,-0.126,0.998,-1
59742,0.000,-0.140,0.989,66
59942,-0.005,-0.140,0.994,-1
60142,-0.005,-0.141,0.994,110
60342,-0.005,-0.134,0.994,-1
60542,-0.005,-0.125,0.999,211
60742,-0.006,-0.090,1.001,-1
60942,-0.016,-0.057,1.000,183
61142,-0.036,-0.017,1.006,-1
61342,-0.032,-0.009,1.002,49
61542,-0.028,-0.018,1.001,-1
61742,-0.026,-0.025,1.003,181
61942,-0.024,-0.039,1.003,-1
62142,-0.019,-0.062,1.000,228
62342,-0.021,-0.075,1.003,-1
62542,-0.014,-0.104,0.999,230
62742,-0.017,-0.081,1.001,-1
62942,-0.022,-0.057,0.998,209
63142,-0.027,-0.051,1.000,-1
63342,-0.028,-0.013,1.003,157
63542,-0.030,-0.008,1.007,-1
63742,-0.026,-0.048,1.001,0
63942,-0.019,-0.051,1.001,-1
64142,-0.019,-0.058,1.002,228
64342,-0.026,-0.020,1.002,-1
64542,-0.030,-0.056,0.999,246
64742,-0.060,-0.132,1.044,-1
64942,0.041,-0.105,0.749,246
65142,0.008,-0.149,0.872,-1
65342,-0.019,-0.087,0.929,244
65542,-0.051,0.215,0.872,-1
65742,-0.041,0.081,0.990,244
65942,0.023,0.012,1.048,-1
66142,-0.004,-0.268,0.807,245
66342,-0.043,-0.327,0.907,-1
66542,-0.070,-0.253,1.034,246
66742,-0.084,0.099,0.962,-1
66942,-0.106,0.212,1.011,246
67142,-0.086,0.139,1.101,-1
67342,-0.051,0.025,0.906,246
67542,-0.110,0.030,1.003,-1
67742,-0.102,-0.428,0.961,245
67942,-0.061,-0.326,0.864,-1
68142,-0.007,-0.072,1.300,243
68342,-0.055,0.125,1.115,-1
68542,-0.144,0.354,0.926,242
68742,-0.089,-0.178,1.106,-1
68942,-0.128,-0.330,0.805,247
69142,-0.115,-0.337,0.917,-1
69342,-0.112,-0.316,0.969,245
69542,-0.075,-0.221,0.978,-1
69742,-0.075,-0.049,1.059,245
69942,-0.070,0.054,1.006,-1
70142,-0.014,-0.210,0.992,248
70342,-0.068,-0.005,0.987,-1
70542,-0.061,0.010,0.995,243
70742,-0.051,-0.013,1.019,-1
70942,-0.072,0.050,1.063,245
71142,-0.030,-0.142,0.974,-1
71342,-0.061,-0.132,1.016,245
71542,-0.022,0.013,1.007,-1
71742,-0.009,0.107,1.015,247
71942,-0.020,0.203,0.993,-1
72142,-0.013,-0.049,1.068,243
72342,-0.042,0.033,0.982,-1
72542,0.012,-0.049,1.086,244
72742,-0.013,0.213,0.943,-1
72942,-0.010,0.170,1.028,246
73142,-0.010,0.312,0.944,-1
73342,-0.056,0.542,0.751,245
73542,-0.061,0.901,0.422,-1
73742,-0.094,0.948,0.248,239
73942,0.040,1.125,0.388,-1
74142,-0.003,1.008,0.062,221
74342,-0.002,0.985,0.123,-1
74542,-0.005,0.975,0.137,219
74742,-0.004,0.977,0.125,-1
74942,-0.004,0.978,0.114,212
75142,-0.003,0.978,0.107,-1
75342,-0.005,0.979,0.099,205
75542,-0.005,0.979,0.097,-1
75742,-0.004,0.980,0.092,203
75942,-0.006,0.991,0.060,-1
76142,-0.004,0.983,0.078,199
76342,-0.005,0.981,0.083,-1
76542,-0.004,0.982,0.079,197
76742,-0.006,0.980,0.088,-1
76942,-0.003,0.994,0.086,211
77142,-0.008,0.983,0.082,-1
77342,-0.006,0.976,0.088,199
77542,0.067,0.942,0.138,-1
77742,-0.006,0.965,0.155,220
77942,-0.023,0.931,0.241,-1
78142,-0.035,0.982,0.216,238
78342,-0.053,0.934,0.364,-1
78542,-0.020,0.845,0.540,242
78742,0.050,0.801,0.545,-1
78942,0.047,0.693,0.714,244
79142,-0.007,0.682,0.756,-1
79342,0.010,0.534,0.895,245
79542,-0.057,0.297,0.705,-1
79742,-0.065,-0.072,0.915,246
79942,-0.033,0.015,1.011,-1
80142,-0.015,-0.068,1.012,245
80342,-0.040,-0.161,0.990,-1
80542,-0.023,-0.093,1.010,244
80742,-0.073,-0.274,0.956,-1
80942,-0.059,-0.460,1.054,245
81142,-0.064,-0.656,0.861,-1
81342,-0.180,-0.736,0.436,246
81542,-0.068,-0.897,0.416,-1
81742,0.014,-0.981,0.176,226
81942,0.018,-0.973,0.238,-1
82142,0.020,-0.967,0.257,232
82342,0.016,-0.971,0.234,-1
82542,0.016,-0.975,0.235,230
82742,0.010,-0.983,0.231,-1
82942,0.021,-0.970,0.251,233
83142,0.029,-0.967,0.269,-1
83342,0.022,-0.965,0.292,238
83542,0.008,-0.936,0.355,-1
83742,0.018,-0.874,0.465,245
83942,0.036,-0.891,0.476,-1
84142,0.041,-0.793,0.585,245
84342,0.047,-0.818,0.579,-1
84542,0.038,-0.796,0.596,246
84742,0.036,-0.794,0.606,-1
84942,0.046,-0.793,0.584,245
85142,-0.011,-0.903,0.475,-1
85342,-0.170,-0.931,0.339,243
85542,-0.141,-0.906,0.367,-1
85742,-0.026,-0.842,0.569,246
85942,-0.073,-0.781,0.629,-1
86142,-0.028,-0.630,0.782,245
86342,-0.046,-0.554,0.838,-1
86542,-0.044,-0.447,0.900,246
86742,-0.040,-0.454,0.890,-1
86942,-0.035,-0.447,0.888,246
87142,-0.045,-0.396,0.916,-1
87342,-0.001,-0.251,0.979,245
87542,0.035,0.042,1.054,-1
87742,0.049,-0.003,0.992,246
87942,0.065,-0.022,0.994,-1
88142,0.030,-0.043,0.996,244
88342,0.107,-0.010,1.006,-1
88542,0.037,-0.032,1.016,188
88742,0.045,-0.025,1.000,-1
88942,-0.025,-0.087,1.007,76
89142,-0.005,0.007,1.002,-1
89342,0.009,-0.026,1.002,0
89542,-0.001,0.008,1.003,-1
89742,0.025,0.010,1.004,0
89942,-0.002,0.004,1.008,-1
90142,0.031,0.007,1.003,69
90342,0.043,0.010,1.004,-1
90542,0.025,-0.030,1.019,205
90742,0.040,0.044,0.995,-1
90942,0.037,0.049,0.998,245
91142,0.027,0.147,1.022,-1
91342,0.011,0.206,0.993,246
91542,-0.007,0.158,1.014,-1
91742,0.064,0.316,0.979,247
91942,-0.002,0.669,0.762,-1
92142,-0.013,0.826,0.524,244
92342,-0.006,0.802,0.599,-1
92542,-0.125,0.786,0.548,244
92742,-0.023,0.676,0.713,-1
92942,-0.060,0.820,0.513,245
93142,-0.082,0.890,0.382,-1
93342,-0.089,0.915,0.282,240
93542,-0.081,0.967,0.164,-1
93742,-0.061,0.974,0.140,215
93942,-0.063,0.982,0.062,-1
94142,-0.048,0.957,0.187,227
94342,-0.042,0.980,0.149,-1
94542,-0.067,0.964,0.173,226
94742,0.031,0.983,0.144,-1
94942,-0.018,0.992,0.164,225
95142,-0.013,0.982,0.144,-1
95342,-0.038,0.913,0.315,240
95542,-0.007,0.625,0.794,-1
95742,-0.043,0.407,0.946,245
95942,-0.067,0.096,1.003,-1
96142,-0.031,-0.101,0.980,243
96342,0.014,-0.090,1.061,-1
96542,0.001,0.157,1.083,245
96742,-0.073,0.956,0.325,-1
96942,-0.054,0.988,0.171,235
97142,0.032,0.994,0.230,-1
97342,0.024,0.955,0.176,222
97542,-0.007,0.978,0.121,-1
97742,0.003,0.966,0.107,209
97942,-0.005,0.977,0.092,-1
98142,-0.006,0.980,0.080,199
98342,-0.005,0.982,0.074,-1
98542,-0.005,0.983,0.072,193
98742,-0.006,0.981,0.069,-1
98942,-0.005,0.982,0.064,192
99142,-0.006,0.983,0.062,-1
99342,-0.005,0.984,0.062,191
99542,-0.007,0.982,0.061,-1
99742,-0.006,0.983,0.061,189
99942,-0.006,0.982,0.059,-1
100142,-0.006,0.982,0.056,187
100342,-0.007,0.983,0.057,-1
100542,-0.006,0.982,0.053,185
100742,-0.005,0.983,0.053,-1
