Angle,ax,ay,az,Sensor,Orientation
0,-0.002,-0.001,0.958,LSM9DS1,Roll
0,0.0,0.001,0.958,LSM9DS1,Roll
0,-0.001,0.0,0.961,LSM9DS1,Roll
0,0.001,0.0,0.96,LSM9DS1,Roll
0,0.0,-0.0,0.96,LSM9DS1,Roll
0,-0.0,0.001,0.959,LSM9DS1,Roll
0,0.0,0.0,0.959,LSM9DS1,Roll
0,-0.001,0.0,0.96,LSM9DS1,Roll
0,-0.0,-0.0,0.959,LSM9DS1,Roll
0,-0.001,0.001,0.96,LSM9DS1,Roll
20,0.004,-0.344,0.887,LSM9DS1,Roll
20,0.004,-0.341,0.886,LSM9DS1,Roll
20,0.005,-0.342,0.887,LSM9DS1,Roll
20,0.005,-0.341,0.887,LSM9DS1,Roll
20,0.005,-0.341,0.887,LSM9DS1,Roll
20,0.005,-0.342,0.886,LSM9DS1,Roll
20,0.006,-0.341,0.887,LSM9DS1,Roll
20,0.005,-0.342,0.887,LSM9DS1,Roll
20,0.005,-0.341,0.887,LSM9DS1,Roll
20,0.006,-0.342,0.888,LSM9DS1,Roll
40,0.012,-0.641,0.705,LSM9DS1,Roll
40,0.013,-0.639,0.702,LSM9DS1,Roll
40,0.011,-0.639,0.705,LSM9DS1,Roll
40,0.011,-0.64,0.704,LSM9DS1,Roll
40,0.012,-0.64,0.703,LSM9DS1,Roll
40,0.012,-0.64,0.704,LSM9DS1,Roll
40,0.011,-0.638,0.703,LSM9DS1,Roll
40,0.011,-0.64,0.704,LSM9DS1,Roll
40,0.012,-0.639,0.704,LSM9DS1,Roll
40,0.011,-0.64,0.704,LSM9DS1,Roll
60,0.02,-0.854,0.439,LSM9DS1,Roll
60,0.022,-0.855,0.438,LSM9DS1,Roll
60,0.022,-0.854,0.438,LSM9DS1,Roll
60,0.021,-0.853,0.438,LSM9DS1,Roll
60,0.021,-0.854,0.438,LSM9DS1,Roll
60,0.021,-0.855,0.44,LSM9DS1,Roll
60,0.021,-0.853,0.439,LSM9DS1,Roll
60,0.022,-0.853,0.439,LSM9DS1,Roll
60,0.021,-0.855,0.439,LSM9DS1,Roll
60,0.021,-0.853,0.438,LSM9DS1,Roll
80,0.034,-0.97,0.1,LSM9DS1,Roll
80,0.032,-0.969,0.099,LSM9DS1,Roll
80,0.032,-0.97,0.101,LSM9DS1,Roll
80,0.032,-0.969,0.099,LSM9DS1,Roll
80,0.031,-0.969,0.099,LSM9DS1,Roll
80,0.033,-0.97,0.101,LSM9DS1,Roll
80,0.034,-0.969,0.1,LSM9DS1,Roll
80,0.033,-0.969,0.1,LSM9DS1,Roll
80,0.032,-0.969,0.099,LSM9DS1,Roll
80,0.032,-0.969,0.099,LSM9DS1,Roll
-20,0.004,0.345,0.906,LSM9DS1,Roll
-20,0.004,0.346,0.911,LSM9DS1,Roll
-20,0.004,0.346,0.909,LSM9DS1,Roll
-20,0.004,0.347,0.907,LSM9DS1,Roll
-20,0.004,0.347,0.91,LSM9DS1,Roll
-20,0.005,0.346,0.909,LSM9DS1,Roll
-20,0.004,0.345,0.91,LSM9DS1,Roll
-20,0.005,0.346,0.909,LSM9DS1,Roll
-20,0.004,0.347,0.909,LSM9DS1,Roll
-20,0.005,0.346,0.908,LSM9DS1,Roll
-40,0.004,0.649,0.746,LSM9DS1,Roll
-40,0.002,0.648,0.747,LSM9DS1,Roll
-40,0.004,0.65,0.744,LSM9DS1,Roll
-40,0.004,0.649,0.745,LSM9DS1,Roll
-40,0.004,0.649,0.745,LSM9DS1,Roll
-40,0.005,0.649,0.744,LSM9DS1,Roll
-40,0.003,0.648,0.746,LSM9DS1,Roll
-40,0.004,0.649,0.744,LSM9DS1,Roll
-40,0.004,0.65,0.743,LSM9DS1,Roll
-40,0.005,0.649,0.742,LSM9DS1,Roll
-60,0.006,0.881,0.48,LSM9DS1,Roll
-60,0.007,0.882,0.483,LSM9DS1,Roll
-60,0.007,0.88,0.487,LSM9DS1,Roll
-60,0.006,0.88,0.487,LSM9DS1,Roll
-60,0.006,0.88,0.484,LSM9DS1,Roll
-60,0.008,0.881,0.481,LSM9DS1,Roll
-60,0.007,0.882,0.477,LSM9DS1,Roll
-60,0.008,0.881,0.478,LSM9DS1,Roll
-60,0.007,0.882,0.478,LSM9DS1,Roll
-60,0.008,0.883,0.475,LSM9DS1,Roll
-80,0.004,1.008,0.158,LSM9DS1,Roll
-80,0.002,1.01,0.151,LSM9DS1,Roll
-80,0.003,1.009,0.149,LSM9DS1,Roll
-80,0.002,1.009,0.156,LSM9DS1,Roll
-80,0.001,1.007,0.16,LSM9DS1,Roll
-80,0.003,1.008,0.158,LSM9DS1,Roll
-80,0.002,1.008,0.153,LSM9DS1,Roll
-80,0.003,1.008,0.151,LSM9DS1,Roll
-80,0.003,1.009,0.155,LSM9DS1,Roll
-80,0.001,1.007,0.161,LSM9DS1,Roll
0,0.001,-0.0,0.987,BMI270,Roll
0,0.001,0.001,0.987,BMI270,Roll
0,-0.0,0.001,0.988,BMI270,Roll
0,0.0,-0.0,0.988,BMI270,Roll
0,0.001,0.0,0.988,BMI270,Roll
0,-0.001,-0.001,0.989,BMI270,Roll
0,0.001,-0.0,0.988,BMI270,Roll
0,-0.0,-0.001,0.989,BMI270,Roll
0,0.001,-0.001,0.987,BMI270,Roll
0,-0.0,0.001,0.987,BMI270,Roll
20,-0.004,-0.337,0.904,BMI270,Roll
20,-0.003,-0.335,0.904,BMI270,Roll
20,-0.004,-0.337,0.904,BMI270,Roll
20,-0.003,-0.337,0.905,BMI270,Roll
20,-0.002,-0.336,0.903,BMI270,Roll
20,-0.003,-0.337,0.903,BMI270,Roll
20,-0.003,-0.336,0.904,BMI270,Roll
20,-0.003,-0.337,0.905,BMI270,Roll
20,-0.003,-0.336,0.904,BMI270,Roll
20,-0.002,-0.336,0.904,BMI270,Roll
40,-0.005,-0.615,0.72,BMI270,Roll
40,-0.004,-0.615,0.72,BMI270,Roll
40,-0.004,-0.614,0.717,BMI270,Roll
40,-0.004,-0.614,0.716,BMI270,Roll
40,-0.005,-0.614,0.715,BMI270,Roll
40,-0.004,-0.615,0.715,BMI270,Roll
40,-0.004,-0.612,0.715,BMI270,Roll
40,-0.004,-0.613,0.717,BMI270,Roll
40,-0.005,-0.614,0.717,BMI270,Roll
40,-0.005,-0.615,0.718,BMI270,Roll
60,-0.005,-0.822,0.435,BMI270,Roll
60,-0.003,-0.821,0.435,BMI270,Roll
60,-0.005,-0.821,0.433,BMI270,Roll
60,-0.004,-0.822,0.435,BMI270,Roll
60,-0.003,-0.82,0.434,BMI270,Roll
60,-0.003,-0.821,0.435,BMI270,Roll
60,-0.004,-0.82,0.434,BMI270,Roll
60,-0.003,-0.821,0.435,BMI270,Roll
60,-0.004,-0.82,0.435,BMI270,Roll
60,-0.004,-0.822,0.435,BMI270,Roll
80,0.008,-0.918,0.101,BMI270,Roll
80,0.007,-0.917,0.103,BMI270,Roll
80,0.007,-0.917,0.103,BMI270,Roll
80,0.009,-0.918,0.104,BMI270,Roll
80,0.008,-0.918,0.102,BMI270,Roll
80,0.007,-0.919,0.103,BMI270,Roll
80,0.009,-0.916,0.102,BMI270,Roll
80,0.008,-0.917,0.103,BMI270,Roll
80,0.007,-0.919,0.102,BMI270,Roll
80,0.008,-0.917,0.102,BMI270,Roll
-20,0.002,0.339,0.952,BMI270,Roll
-20,0.002,0.338,0.952,BMI270,Roll
-20,0.001,0.34,0.952,BMI270,Roll
-20,0.002,0.338,0.952,BMI270,Roll
-20,0.001,0.34,0.952,BMI270,Roll
-20,0.002,0.34,0.953,BMI270,Roll
-20,0.0,0.34,0.953,BMI270,Roll
-20,0.002,0.339,0.952,BMI270,Roll
-20,0.0,0.339,0.951,BMI270,Roll
-20,0.001,0.338,0.952,BMI270,Roll
-40,0.009,0.648,0.805,BMI270,Roll
-40,0.008,0.65,0.801,BMI270,Roll
-40,0.008,0.651,0.796,BMI270,Roll
-40,0.008,0.649,0.802,BMI270,Roll
-40,0.008,0.652,0.792,BMI270,Roll
-40,0.008,0.648,0.803,BMI270,Roll
-40,0.007,0.649,0.801,BMI270,Roll
-40,0.007,0.651,0.79,BMI270,Roll
-40,0.008,0.647,0.806,BMI270,Roll
-40,0.008,0.646,0.81,BMI270,Roll
-60,0.004,0.889,0.55,BMI270,Roll
-60,0.005,0.893,0.544,BMI270,Roll
-60,0.005,0.893,0.538,BMI270,Roll
-60,0.005,0.891,0.551,BMI270,Roll
-60,0.005,0.89,0.551,BMI270,Roll
-60,0.005,0.893,0.542,BMI270,Roll
-60,0.005,0.893,0.541,BMI270,Roll
-60,0.005,0.892,0.545,BMI270,Roll
-60,0.005,0.892,0.546,BMI270,Roll
-60,0.005,0.891,0.544,BMI270,Roll
-80,0.004,1.032,0.225,BMI270,Roll
-80,0.004,1.034,0.216,BMI270,Roll
-80,0.003,1.033,0.219,BMI270,Roll
-80,0.003,1.031,0.225,BMI270,Roll
-80,0.003,1.031,0.23,BMI270,Roll
-80,0.004,1.03,0.233,BMI270,Roll
-80,0.002,1.03,0.226,BMI270,Roll
-80,0.003,1.032,0.225,BMI270,Roll
-80,0.004,1.032,0.22,BMI270,Roll
-80,0.002,1.033,0.221,BMI270,Roll
0,0.052,-0.026,1.061,MPU6050,Roll
0,0.054,-0.024,1.044,MPU6050,Roll
0,0.053,-0.028,1.057,MPU6050,Roll
0,0.048,-0.028,1.044,MPU6050,Roll
0,0.045,-0.024,1.06,MPU6050,Roll
0,0.051,-0.026,1.061,MPU6050,Roll
0,0.05,-0.029,1.063,MPU6050,Roll
0,0.047,-0.027,1.058,MPU6050,Roll
0,0.05,-0.027,1.054,MPU6050,Roll
0,0.05,-0.023,1.07,MPU6050,Roll
20,-0.271,-0.012,1.026,MPU6050,Roll
20,-0.266,-0.012,1.037,MPU6050,Roll
20,-0.268,-0.011,1.044,MPU6050,Roll
20,-0.271,-0.015,1.027,MPU6050,Roll
20,-0.275,-0.013,1.048,MPU6050,Roll
20,-0.274,-0.012,1.04,MPU6050,Roll
20,-0.27,-0.012,1.046,MPU6050,Roll
20,-0.271,-0.014,1.048,MPU6050,Roll
20,-0.267,-0.018,1.035,MPU6050,Roll
20,-0.271,-0.015,1.03,MPU6050,Roll
40,-0.572,0.012,0.911,MPU6050,Roll
40,-0.58,0.009,0.904,MPU6050,Roll
40,-0.571,0.006,0.927,MPU6050,Roll
40,-0.57,0.011,0.908,MPU6050,Roll
40,-0.578,0.008,0.892,MPU6050,Roll
40,-0.578,0.011,0.887,MPU6050,Roll
40,-0.576,0.008,0.898,MPU6050,Roll
40,-0.58,0.007,0.91,MPU6050,Roll
40,-0.582,0.006,0.901,MPU6050,Roll
40,-0.578,0.006,0.907,MPU6050,Roll
60,-0.823,0.037,0.684,MPU6050,Roll
60,-0.825,0.035,0.684,MPU6050,Roll
60,-0.833,0.039,0.667,MPU6050,Roll
60,-0.818,0.033,0.687,MPU6050,Roll
60,-0.826,0.026,0.677,MPU6050,Roll
60,-0.821,0.038,0.684,MPU6050,Roll
60,-0.819,0.036,0.687,MPU6050,Roll
60,-0.826,0.036,0.687,MPU6050,Roll
60,-0.821,0.036,0.686,MPU6050,Roll
60,-0.825,0.044,0.686,MPU6050,Roll
80,-0.979,0.065,0.38,MPU6050,Roll
80,-0.983,0.069,0.395,MPU6050,Roll
80,-0.983,0.069,0.403,MPU6050,Roll
80,-0.976,0.052,0.403,MPU6050,Roll
80,-0.987,0.072,0.373,MPU6050,Roll
80,-0.983,0.069,0.392,MPU6050,Roll
80,-0.981,0.065,0.372,MPU6050,Roll
80,-0.981,0.076,0.387,MPU6050,Roll
80,-0.976,0.062,0.402,MPU6050,Roll
80,-0.984,0.066,0.371,MPU6050,Roll
-20,0.284,-0.038,1.005,MPU6050,Roll
-20,0.275,-0.045,1.001,MPU6050,Roll
-20,0.273,-0.05,1.014,MPU6050,Roll
-20,0.277,-0.047,1.012,MPU6050,Roll
-20,0.274,-0.053,1.012,MPU6050,Roll
-20,0.274,-0.051,1.009,MPU6050,Roll
-20,0.274,-0.047,1.016,MPU6050,Roll
-20,0.266,-0.051,1.005,MPU6050,Roll
-20,0.279,-0.045,1.011,MPU6050,Roll
-20,0.271,-0.049,1.016,MPU6050,Roll
-40,0.5,-0.024,0.9,MPU6050,Roll
-40,0.501,-0.017,0.905,MPU6050,Roll
-40,0.496,-0.023,0.906,MPU6050,Roll
-40,0.501,-0.016,0.913,MPU6050,Roll
-40,0.497,-0.019,0.907,MPU6050,Roll
-40,0.498,-0.018,0.904,MPU6050,Roll
-40,0.498,-0.019,0.906,MPU6050,Roll
-40,0.495,-0.019,0.906,MPU6050,Roll
-40,0.504,-0.021,0.908,MPU6050,Roll
-40,0.502,-0.017,0.896,MPU6050,Roll
-60,0.597,0.042,0.833,MPU6050,Roll
-60,0.602,0.043,0.838,MPU6050,Roll
-60,0.592,0.047,0.835,MPU6050,Roll
-60,0.597,0.04,0.833,MPU6050,Roll
-60,0.593,0.046,0.842,MPU6050,Roll
-60,0.596,0.045,0.831,MPU6050,Roll
-60,0.601,0.043,0.834,MPU6050,Roll
-60,0.599,0.047,0.835,MPU6050,Roll
-60,0.592,0.043,0.838,MPU6050,Roll
-60,0.598,0.037,0.827,MPU6050,Roll
-80,0.929,0.07,0.27,MPU6050,Roll
-80,0.925,0.073,0.257,MPU6050,Roll
-80,0.927,0.071,0.269,MPU6050,Roll
-80,0.936,0.072,0.257,MPU6050,Roll
-80,0.931,0.075,0.26,MPU6050,Roll
-80,0.925,0.071,0.265,MPU6050,Roll
-80,0.928,0.079,0.259,MPU6050,Roll
-80,0.933,0.077,0.26,MPU6050,Roll
-80,0.931,0.077,0.259,MPU6050,Roll
-80,0.931,0.072,0.257,MPU6050,Roll
